datetime,p_up,regime,action,position,price,equity
2025-11-21 15:00:00+00:00,0.5878546500766051,1,ENTER_OR_HOLD_LONG,0.17570930015321018,84616.1328125,9998.94574419908
2025-11-21 16:00:00+00:00,0.5478231154255013,1,HOLD,0.17570930015321018,82867.3515625,9962.635323895454
2025-11-21 17:00:00+00:00,0.47715629947157034,1,EXIT_TO_FLAT,0.0,84882.3125,10004.14547250981
2025-11-21 18:00:00+00:00,0.6422647802159471,1,ENTER_OR_HOLD_LONG,0.28452956043189426,83958.53125,10002.437587441536
2025-11-21 18:00:00+00:00,0.4410516203452294,1,EXIT_TO_FLAT,0.0,84512.421875,10019.502328125143
2025-11-21 20:00:00+00:00,0.6218120540471208,1,ENTER_OR_HOLD_LONG,0.24362410809424162,83993.3671875,10018.037732734201
2025-11-21 21:00:00+00:00,0.6254759118642657,1,ENTER_OR_HOLD_LONG,0.2509518237285313,84371.7578125,10028.988716453003
2025-11-21 22:00:00+00:00,0.4834403026240982,1,EXIT_TO_FLAT,0.0,85207.3671875,10052.400951477657
2025-11-21 22:00:00+00:00,0.4806568791080047,1,EXIT_TO_FLAT,0.0,84316.1171875,10052.400951477657
2025-11-22 00:00:00+00:00,0.5047575436657907,1,EXIT_TO_FLAT,0.0,85138.21875,10052.400951477657
2025-11-22 02:00:00+00:00,0.5167719010651463,1,EXIT_TO_FLAT,0.0,84675.796875,10052.400951477657
2025-11-22 03:00:00+00:00,0.5002134351350517,1,EXIT_TO_FLAT,0.0,84311.171875,10052.400951477657
2025-11-22 04:00:00+00:00,0.5878536946069737,1,ENTER_OR_HOLD_LONG,0.17570738921394735,84208.9453125,10051.341182801747
2025-11-22 05:00:00+00:00,0.5067853774673883,1,EXIT_TO_FLAT,0.0,84159.3046875,10049.240534153683
2025-11-22 06:00:00+00:00,0.5313625246301619,1,HOLD,0.0,84105.3203125,10049.240534153683
2025-11-22 06:00:00+00:00,0.6198666369572439,1,ENTER_OR_HOLD_LONG,0.23973327391448773,84592.625,10047.79505175352
2025-11-22 08:00:00+00:00,0.5204004439779875,1,EXIT_TO_FLAT,0.0,84418.4453125,10041.390691541023
2025-11-22 09:00:00+00:00,0.632341350347436,1,ENTER_OR_HOLD_LONG,0.264682700694872,84001.3984375,10039.796022096842
2025-11-22 10:00:00+00:00,0.6071972901449111,1,ENTER_OR_HOLD_LONG,0.21439458028982217,83942.421875,10037.62744214296
2025-11-22 10:00:00+00:00,0.4963266838966417,1,EXIT_TO_FLAT,0.0,83703.1484375,10030.202824363214
2025-11-22 12:00:00+00:00,0.49814867477498664,1,EXIT_TO_FLAT,0.0,83693.1015625,10030.202824363214
2025-11-22 13:00:00+00:00,0.5131507895347538,1,EXIT_TO_FLAT,0.0,84050.953125,10030.202824363214
2025-11-22 13:00:00+00:00,0.5131507895347538,1,EXIT_TO_FLAT,0.0,83890.1796875,10030.202824363214
2025-11-22 14:00:00+00:00,0.5281254830129709,1,EXIT_TO_FLAT,0.0,84453.5234375,10030.202824363214
2025-11-22 16:00:00+00:00,0.49503454613508996,1,EXIT_TO_FLAT,0.0,84231.328125,10030.202824363214
2025-11-22 17:00:00+00:00,0.4780857012190036,1,EXIT_TO_FLAT,0.0,84536.4375,10030.202824363214
2025-11-22 18:00:00+00:00,0.47892332802709014,1,EXIT_TO_FLAT,0.0,84471.9296875,10030.202824363214
2025-11-22 18:00:00+00:00,0.4815147802985026,1,EXIT_TO_FLAT,0.0,84537.2890625,10030.202824363214
2025-11-22 20:00:00+00:00,0.4753664907280657,1,EXIT_TO_FLAT,0.0,84718.484375,10030.202824363214
2025-11-22 21:00:00+00:00,0.50671306516155,1,EXIT_TO_FLAT,0.0,84407.9296875,10030.202824363214
2025-11-22 22:00:00+00:00,0.4859637465607607,1,EXIT_TO_FLAT,0.0,84298.2890625,10030.202824363214
2025-11-22 23:00:00+00:00,0.5039974367757727,1,EXIT_TO_FLAT,0.0,85009.015625,10030.202824363214
2025-11-23 00:00:00+00:00,0.4710227316406641,1,EXIT_TO_FLAT,0.0,84882.7578125,10030.202824363214
2025-11-23 02:00:00+00:00,0.4943792342674734,1,EXIT_TO_FLAT,0.0,86192.390625,10030.202824363214
2025-11-23 03:00:00+00:00,0.5232411188160064,1,EXIT_TO_FLAT,0.0,86013.3359375,10030.202824363214
2025-11-23 04:00:00+00:00,0.49101634979252085,1,EXIT_TO_FLAT,0.0,86511.078125,10030.202824363214
2025-11-23 05:00:00+00:00,0.4788856463996584,1,EXIT_TO_FLAT,0.0,86419.1171875,10030.202824363214
2025-11-23 06:00:00+00:00,0.5143558044537287,1,EXIT_TO_FLAT,0.0,86384.8125,10030.202824363214
2025-11-23 07:00:00+00:00,0.46488608439249945,1,EXIT_TO_FLAT,0.0,85701.359375,10030.202824363214
2025-11-23 08:00:00+00:00,0.48318475084985646,1,EXIT_TO_FLAT,0.0,85897.203125,10030.202824363214
2025-11-23 09:00:00+00:00,0.4724477697181572,1,EXIT_TO_FLAT,0.0,86101.3359375,10030.202824363214
2025-11-23 10:00:00+00:00,0.4800527551240033,1,EXIT_TO_FLAT,0.0,86282.0703125,10030.202824363214
2025-11-23 10:00:00+00:00,0.5037901339394005,1,EXIT_TO_FLAT,0.0,86053.359375,10030.202824363214
2025-11-23 12:00:00+00:00,0.4851388571487967,1,EXIT_TO_FLAT,0.0,86416.921875,10030.202824363214
2025-11-23 13:00:00+00:00,0.5124668983738473,1,EXIT_TO_FLAT,0.0,86388.9765625,10030.202824363214
2025-11-23 14:00:00+00:00,0.5323204013522963,1,HOLD,0.0,87107.375,10030.202824363214
2025-11-23 14:00:00+00:00,0.49364095712036604,1,EXIT_TO_FLAT,0.0,86516.9921875,10030.202824363214
2025-11-23 16:00:00+00:00,0.48155646296248716,0,FLAT_REGIME_LOW,0.0,87288.09375,10030.202824363214
2025-11-23 16:00:00+00:00,0.5077685551312068,0,FLAT_REGIME_LOW,0.0,86721.734375,10030.202824363214
2025-11-23 18:00:00+00:00,0.4863506223620995,0,FLAT_REGIME_LOW,0.0,86854.8359375,10030.202824363214
2025-11-23 18:00:00+00:00,0.4863506223620995,0,FLAT_REGIME_LOW,0.0,86983.296875,10030.202824363214
2025-11-23 20:00:00+00:00,0.49038356983558656,0,FLAT_REGIME_LOW,0.0,87268.484375,10030.202824363214
2025-11-23 21:00:00+00:00,0.5227485151976682,0,FLAT_REGIME_LOW,0.0,87460.0859375,10030.202824363214
2025-11-23 21:00:00+00:00,0.4928678138640372,0,FLAT_REGIME_LOW,0.0,87973.9453125,10030.202824363214
2025-11-23 22:00:00+00:00,0.4984024534196355,0,FLAT_REGIME_LOW,0.0,87961.4375,10030.202824363214
2025-11-24 00:00:00+00:00,0.4990000034043986,0,FLAT_REGIME_LOW,0.0,86739.3671875,10030.202824363214
2025-11-24 02:00:00+00:00,0.45847563463376356,0,FLAT_REGIME_LOW,0.0,87405.9921875,10030.202824363214
2025-11-24 03:00:00+00:00,0.4908986045923598,0,FLAT_REGIME_LOW,0.0,87463.140625,10030.202824363214
2025-11-24 04:00:00+00:00,0.49990437127287446,0,FLAT_REGIME_LOW,0.0,86609.21875,10030.202824363214
2025-11-24 05:00:00+00:00,0.5379922245138642,0,FLAT_REGIME_LOW,0.0,87252.4453125,10030.202824363214
2025-11-24 06:00:00+00:00,0.49942081849708886,0,FLAT_REGIME_LOW,0.0,87019.15625,10030.202824363214
2025-11-24 07:00:00+00:00,0.4880017992267067,1,EXIT_TO_FLAT,0.0,86854.0546875,10030.202824363214
2025-11-24 08:00:00+00:00,0.49822005669194236,0,FLAT_REGIME_LOW,0.0,86822.453125,10030.202824363214
2025-11-24 09:00:00+00:00,0.5162385681565202,0,FLAT_REGIME_LOW,0.0,86576.546875,10030.202824363214
2025-11-24 10:00:00+00:00,0.5269463941476904,1,EXIT_TO_FLAT,0.0,85975.0390625,10030.202824363214
2025-11-24 10:00:00+00:00,0.5269463941476904,1,EXIT_TO_FLAT,0.0,86053.9140625,10030.202824363214
2025-11-24 12:00:00+00:00,0.49058839969333234,1,EXIT_TO_FLAT,0.0,85980.265625,10030.202824363214
2025-11-24 13:00:00+00:00,0.5121267066573705,1,EXIT_TO_FLAT,0.0,86299.9765625,10030.202824363214
2025-11-24 14:00:00+00:00,0.5121814743133306,1,EXIT_TO_FLAT,0.0,86006.3984375,10030.202824363214
2025-11-24 15:00:00+00:00,0.5061258385143377,1,EXIT_TO_FLAT,0.0,86598.3984375,10030.202824363214
2025-11-24 16:00:00+00:00,0.5211898002178892,1,EXIT_TO_FLAT,0.0,86809.9765625,10030.202824363214
2025-11-24 16:00:00+00:00,0.5056702651214537,1,EXIT_TO_FLAT,0.0,87185.5703125,10030.202824363214
2025-11-24 18:00:00+00:00,0.5315319652284978,1,HOLD,0.0,88391.7265625,10030.202824363214
2025-11-24 18:00:00+00:00,0.5345389290350624,1,HOLD,0.0,88674.8671875,10030.202824363214
2025-11-24 20:00:00+00:00,0.4984218947569963,1,EXIT_TO_FLAT,0.0,88483.296875,10030.202824363214
2025-11-24 21:00:00+00:00,0.4728871233954662,1,EXIT_TO_FLAT,0.0,89070.765625,10030.202824363214
2025-11-24 21:00:00+00:00,0.4832191896396848,1,EXIT_TO_FLAT,0.0,88823.078125,10030.202824363214
2025-11-24 22:00:00+00:00,0.47085453155937096,1,EXIT_TO_FLAT,0.0,88699.21875,10030.202824363214
2025-11-25 00:00:00+00:00,0.4788372254325879,1,EXIT_TO_FLAT,0.0,88118.1875,10030.202824363214
2025-11-25 02:00:00+00:00,0.46168949298127826,1,EXIT_TO_FLAT,0.0,87684.140625,10030.202824363214
2025-11-25 03:00:00+00:00,0.5302362014953566,1,HOLD,0.0,87651.921875,10030.202824363214
2025-11-25 04:00:00+00:00,0.5277916308102405,1,EXIT_TO_FLAT,0.0,88029.1875,10030.202824363214
2025-11-25 05:00:00+00:00,0.5138429295380502,1,EXIT_TO_FLAT,0.0,88257.4375,10030.202824363214
2025-11-25 06:00:00+00:00,0.5243134362261799,1,EXIT_TO_FLAT,0.0,88094.1015625,10030.202824363214
2025-11-25 07:00:00+00:00,0.5183172569262977,1,EXIT_TO_FLAT,0.0,87980.984375,10030.202824363214
2025-11-25 08:00:00+00:00,0.5183401004887135,1,EXIT_TO_FLAT,0.0,87399.6484375,10030.202824363214
2025-11-25 09:00:00+00:00,0.5190494003690814,1,EXIT_TO_FLAT,0.0,86998.6640625,10030.202824363214
2025-11-25 10:00:00+00:00,0.49654367986533277,1,EXIT_TO_FLAT,0.0,87037.0078125,10030.202824363214
2025-11-25 10:00:00+00:00,0.49235726860010026,1,EXIT_TO_FLAT,0.0,87393.8984375,10030.202824363214
2025-11-25 12:00:00+00:00,0.521790408739178,1,EXIT_TO_FLAT,0.0,87585.6640625,10030.202824363214
2025-11-25 13:00:00+00:00,0.5071660576298175,1,EXIT_TO_FLAT,0.0,87603.9921875,10030.202824363214
2025-11-25 14:00:00+00:00,0.5169897174235791,1,EXIT_TO_FLAT,0.0,87211.1328125,10030.202824363214
2025-11-25 15:00:00+00:00,0.4902798079974684,1,EXIT_TO_FLAT,0.0,86312.4296875,10030.202824363214
2025-11-25 16:00:00+00:00,0.48789235490043553,1,EXIT_TO_FLAT,0.0,86819.5390625,10030.202824363214
2025-11-25 17:00:00+00:00,0.5011696960294547,1,EXIT_TO_FLAT,0.0,87082.5703125,10030.202824363214
2025-11-25 18:00:00+00:00,0.5126356686099507,1,EXIT_TO_FLAT,0.0,87688.1484375,10030.202824363214
2025-11-25 18:00:00+00:00,0.5109016108153112,1,EXIT_TO_FLAT,0.0,87241.4765625,10030.202824363214
2025-11-25 20:00:00+00:00,0.4894132977016825,1,EXIT_TO_FLAT,0.0,86847.453125,10030.202824363214
2025-11-25 20:00:00+00:00,0.49137044101251304,1,EXIT_TO_FLAT,0.0,87396.9609375,10030.202824363214
2025-11-25 22:00:00+00:00,0.46939442336428433,1,EXIT_TO_FLAT,0.0,86644.1640625,10030.202824363214
2025-11-25 23:00:00+00:00,0.48695172709023654,1,EXIT_TO_FLAT,0.0,87415.5859375,10030.202824363214
2025-11-26 00:00:00+00:00,0.4574057502984977,1,EXIT_TO_FLAT,0.0,87482.65625,10030.202824363214
2025-11-26 02:00:00+00:00,0.49526600445132124,1,EXIT_TO_FLAT,0.0,87815.7421875,10030.202824363214
2025-11-26 03:00:00+00:00,0.4965063313723246,1,EXIT_TO_FLAT,0.0,87404.71875,10030.202824363214
2025-11-26 04:00:00+00:00,0.47877583811651186,1,EXIT_TO_FLAT,0.0,86935.1015625,10030.202824363214
2025-11-26 05:00:00+00:00,0.47834732513007583,1,EXIT_TO_FLAT,0.0,87374.3125,10030.202824363214
2025-11-26 06:00:00+00:00,0.49125333714336844,1,EXIT_TO_FLAT,0.0,87566.7109375,10030.202824363214
2025-11-26 07:00:00+00:00,0.5146501363159792,1,EXIT_TO_FLAT,0.0,87698.7109375,10030.202824363214
2025-11-26 08:00:00+00:00,0.5134631196474292,1,EXIT_TO_FLAT,0.0,87656.4296875,10030.202824363214
2025-11-26 09:00:00+00:00,0.480195300064127,1,EXIT_TO_FLAT,0.0,87317.015625,10030.202824363214
2025-11-26 10:00:00+00:00,0.48068125955130064,1,EXIT_TO_FLAT,0.0,86954.7109375,10030.202824363214
2025-11-26 10:00:00+00:00,0.48068125955130364,1,EXIT_TO_FLAT,0.0,86918.8359375,10030.202824363214
2025-11-26 12:00:00+00:00,0.48978123701494697,1,EXIT_TO_FLAT,0.0,86563.765625,10030.202824363214
2025-11-26 13:00:00+00:00,0.5111736475584544,1,EXIT_TO_FLAT,0.0,86709.9375,10030.202824363214
2025-11-26 13:00:00+00:00,0.5094042758063655,1,EXIT_TO_FLAT,0.0,87030.7109375,10030.202824363214
2025-11-26 15:00:00+00:00,0.49382575064318096,1,EXIT_TO_FLAT,0.0,86934.5234375,10030.202824363214
2025-11-26 16:00:00+00:00,0.5049708167273835,0,FLAT_REGIME_LOW,0.0,87314.890625,10030.202824363214
2025-11-26 17:00:00+00:00,0.4901501918651788,0,FLAT_REGIME_LOW,0.0,87858.9140625,10030.202824363214
2025-11-26 18:00:00+00:00,0.5198802108640906,1,EXIT_TO_FLAT,0.0,90081.71875,10030.202824363214
2025-11-26 19:00:00+00:00,0.5082773664552536,1,EXIT_TO_FLAT,0.0,90129.1796875,10030.202824363214
2025-11-26 20:00:00+00:00,0.46260215013394407,1,EXIT_TO_FLAT,0.0,89517.3359375,10030.202824363214
2025-11-26 21:00:00+00:00,0.4210039790876911,1,EXIT_TO_FLAT,0.0,89976.21875,10030.202824363214
2025-11-26 22:00:00+00:00,0.41245585575434734,1,EXIT_TO_FLAT,0.0,90202.3125,10030.202824363214
2025-11-26 23:00:00+00:00,0.4248501769274862,1,EXIT_TO_FLAT,0.0,90514.2890625,10030.202824363214
2025-11-27 00:00:00+00:00,0.4226009336033448,1,EXIT_TO_FLAT,0.0,90337.1640625,10030.202824363214
2025-11-27 02:00:00+00:00,0.48935139434976865,1,EXIT_TO_FLAT,0.0,91178.1328125,10030.202824363214
2025-11-27 03:00:00+00:00,0.4992388436370902,1,EXIT_TO_FLAT,0.0,91192.109375,10030.202824363214
2025-11-27 04:00:00+00:00,0.4851103071879688,1,EXIT_TO_FLAT,0.0,91248.625,10030.202824363214
2025-11-27 05:00:00+00:00,0.4866403108042032,1,EXIT_TO_FLAT,0.0,91297.5078125,10030.202824363214
2025-11-27 06:00:00+00:00,0.49133972187386044,1,EXIT_TO_FLAT,0.0,91215.5703125,10030.202824363214
2025-11-27 07:00:00+00:00,0.4742430514180075,1,EXIT_TO_FLAT,0.0,91215.21875,10030.202824363214
2025-11-27 08:00:00+00:00,0.4866195489873043,1,EXIT_TO_FLAT,0.0,91374.765625,10030.202824363214
2025-11-27 09:00:00+00:00,0.5073240897326445,1,EXIT_TO_FLAT,0.0,91500.34375,10030.202824363214
2025-11-27 10:00:00+00:00,0.5035263373619016,1,EXIT_TO_FLAT,0.0,91652.828125,10030.202824363214
2025-11-27 11:00:00+00:00,0.48867210041346865,1,EXIT_TO_FLAT,0.0,91596.703125,10030.202824363214
2025-11-27 12:00:00+00:00,0.49453509267991086,1,EXIT_TO_FLAT,0.0,91410.828125,10030.202824363214
2025-11-27 13:00:00+00:00,0.49105933161167614,1,EXIT_TO_FLAT,0.0,90489.515625,10030.202824363214
2025-11-27 14:00:00+00:00,0.49361559256234305,1,EXIT_TO_FLAT,0.0,90823.984375,10030.202824363214
2025-11-27 15:00:00+00:00,0.507550557036729,1,EXIT_TO_FLAT,0.0,90862.53125,10030.202824363214
2025-11-27 16:00:00+00:00,0.5061958863761917,1,EXIT_TO_FLAT,0.0,90915.78125,10030.202824363214
2025-11-27 16:00:00+00:00,0.5202528355772061,1,EXIT_TO_FLAT,0.0,91455.765625,10030.202824363214
2025-11-27 18:00:00+00:00,0.4895754898447357,1,EXIT_TO_FLAT,0.0,91466.1171875,10030.202824363214
2025-11-27 18:00:00+00:00,0.5010474355221454,1,EXIT_TO_FLAT,0.0,91792.296875,10030.202824363214
2025-11-27 20:00:00+00:00,0.4790937706457532,1,EXIT_TO_FLAT,0.0,91492.09375,10030.202824363214
2025-11-27 21:00:00+00:00,0.48643003656231565,1,EXIT_TO_FLAT,0.0,91311.3359375,10030.202824363214
2025-11-27 22:00:00+00:00,0.48273019829181096,1,EXIT_TO_FLAT,0.0,91407.765625,10030.202824363214
2025-11-27 23:00:00+00:00,0.4955537030566066,1,EXIT_TO_FLAT,0.0,91498.359375,10030.202824363214
2025-11-28 00:00:00+00:00,0.5009678628241842,1,EXIT_TO_FLAT,0.0,91284.0859375,10030.202824363214
2025-11-28 02:00:00+00:00,0.48468854988485877,1,EXIT_TO_FLAT,0.0,90773.7890625,10030.202824363214
2025-11-28 03:00:00+00:00,0.5003689309544913,0,FLAT_REGIME_LOW,0.0,91252.4140625,10030.202824363214
2025-11-28 04:00:00+00:00,0.4998599108792355,0,FLAT_REGIME_LOW,0.0,91292.9375,10030.202824363214
2025-11-28 05:00:00+00:00,0.5060723702538403,0,FLAT_REGIME_LOW,0.0,91333.8828125,10030.202824363214
2025-11-28 06:00:00+00:00,0.4964586960767747,0,FLAT_REGIME_LOW,0.0,91451.2421875,10030.202824363214
2025-11-28 07:00:00+00:00,0.48560169985858875,0,FLAT_REGIME_LOW,0.0,91397.5,10030.202824363214
2025-11-28 08:00:00+00:00,0.4778416334381885,0,FLAT_REGIME_LOW,0.0,91169.9609375,10030.202824363214
2025-11-28 09:00:00+00:00,0.4662688991410957,0,FLAT_REGIME_LOW,0.0,91537.2734375,10030.202824363214
2025-11-28 10:00:00+00:00,0.4802295868433816,0,FLAT_REGIME_LOW,0.0,91490.8828125,10030.202824363214
2025-11-28 11:00:00+00:00,0.48500335415763846,0,FLAT_REGIME_LOW,0.0,91755.984375,10030.202824363214
2025-11-28 12:00:00+00:00,0.47215118450679583,0,FLAT_REGIME_LOW,0.0,91511.8515625,10030.202824363214
2025-11-28 13:00:00+00:00,0.4573345639955552,0,FLAT_REGIME_LOW,0.0,91522.4609375,10030.202824363214
2025-11-28 14:00:00+00:00,0.48358334441775436,1,EXIT_TO_FLAT,0.0,92435.140625,10030.202824363214
2025-11-28 15:00:00+00:00,0.510387305695751,1,EXIT_TO_FLAT,0.0,92142.2109375,10030.202824363214
2025-11-28 16:00:00+00:00,0.5209118055777227,0,FLAT_REGIME_LOW,0.0,92078.25,10030.202824363214
2025-11-28 16:00:00+00:00,0.5050823814551127,1,EXIT_TO_FLAT,0.0,90971.75,10030.202824363214
2025-11-28 18:00:00+00:00,0.43974921248435705,0,FLAT_REGIME_LOW,0.0,90638.421875,10030.202824363214
2025-11-28 18:00:00+00:00,0.43974921248435705,0,FLAT_REGIME_LOW,0.0,90758.109375,10030.202824363214
2025-11-28 20:00:00+00:00,0.4767022192916007,0,FLAT_REGIME_LOW,0.0,90963.1640625,10030.202824363214
2025-11-28 20:00:00+00:00,0.47670221929160195,0,FLAT_REGIME_LOW,0.0,91190.1015625,10030.202824363214
2025-11-28 21:00:00+00:00,0.48443065932391727,0,FLAT_REGIME_LOW,0.0,91001.5859375,10030.202824363214
2025-11-28 22:00:00+00:00,0.4876741290666057,0,FLAT_REGIME_LOW,0.0,90924.546875,10030.202824363214
2025-11-28 22:00:00+00:00,0.4891250108068797,0,FLAT_REGIME_LOW,0.0,90939.7265625,10030.202824363214
2025-11-28 22:00:00+00:00,0.4859446231587806,0,FLAT_REGIME_LOW,0.0,90924.546875,10030.202824363214
2025-11-28 22:00:00+00:00,0.4891250108068797,0,FLAT_REGIME_LOW,0.0,90939.7265625,10030.202824363214
2025-11-28 22:00:00+00:00,0.4859446231587806,0,FLAT_REGIME_LOW,0.0,90924.546875,10030.202824363214
2025-11-28 22:00:00+00:00,0.4859446231587806,0,FLAT_REGIME_LOW,0.0,90924.546875,10030.202824363214
2025-11-28 22:00:00+00:00,0.4891250108068797,0,FLAT_REGIME_LOW,0.0,90939.7265625,10030.202824363214
2025-11-28 22:00:00+00:00,0.4859446231587806,0,FLAT_REGIME_LOW,0.0,90924.546875,10030.202824363214
2025-11-28 22:00:00+00:00,0.4859446231587806,0,FLAT_REGIME_LOW,0.0,90924.546875,10030.202824363214
2025-11-28 22:00:00+00:00,0.4891250108068797,0,FLAT_REGIME_LOW,0.0,90939.7265625,10030.202824363214
2025-11-28 22:00:00+00:00,0.4891250108068797,0,FLAT_REGIME_LOW,0.0,90939.7265625,10030.202824363214
2025-11-28 22:00:00+00:00,0.4891250108068797,0,FLAT_REGIME_LOW,0.0,90939.7265625,10030.202824363214
2025-11-28 22:00:00+00:00,0.4859446231587812,0,FLAT_REGIME_LOW,0.0,90924.546875,10030.202824363214
2025-11-28 22:00:00+00:00,0.4891250108068797,0,FLAT_REGIME_LOW,0.0,90939.7265625,10030.202824363214
2025-11-28 22:00:00+00:00,0.4891250108068797,0,FLAT_REGIME_LOW,0.0,90939.7265625,10030.202824363214
2025-11-28 22:00:00+00:00,0.4891250108068797,0,FLAT_REGIME_LOW,0.0,90939.7265625,10030.202824363214
2025-11-28 22:00:00+00:00,0.4891250108068797,0,FLAT_REGIME_LOW,0.0,90939.7265625,10030.202824363214
2025-11-28 22:00:00+00:00,0.4891250108068797,0,FLAT_REGIME_LOW,0.0,90939.7265625,10030.202824363214
2025-11-28 22:00:00+00:00,0.4891250108068797,0,FLAT_REGIME_LOW,0.0,90939.7265625,10030.202824363214
2025-11-28 22:00:00+00:00,0.4891250108068797,0,FLAT_REGIME_LOW,0.0,90939.7265625,10030.202824363214
2025-11-29 20:00:00+00:00,0.5130560415783394,0,FLAT_REGIME_LOW,0.0,90491.7578125,10030.202824363214
2025-11-29 20:00:00+00:00,0.5130560415782519,0,FLAT_REGIME_LOW,0.0,91008.421875,10030.202824363214
2025-11-29 22:00:00+00:00,0.5239292598177555,0,FLAT_REGIME_LOW,0.0,90966.4765625,10030.202824363214
2025-11-29 23:00:00+00:00,0.5288141226348181,0,FLAT_REGIME_LOW,0.0,90825.234375,10030.202824363214
2025-11-30 00:00:00+00:00,0.5217001609219416,0,FLAT_REGIME_LOW,0.0,90873.5859375,10030.202824363214
2025-11-30 02:00:00+00:00,0.5303482577267414,0,FLAT_REGIME_LOW,0.0,90893.1015625,10030.202824363214
2025-11-30 03:00:00+00:00,0.5234513255813337,0,FLAT_REGIME_LOW,0.0,90934.3125,10030.202824363214
2025-11-30 04:00:00+00:00,0.5210598595311094,0,FLAT_REGIME_LOW,0.0,90951.453125,10030.202824363214
2025-11-30 05:00:00+00:00,0.5271559517082329,0,FLAT_REGIME_LOW,0.0,90785.703125,10030.202824363214
2025-11-30 06:00:00+00:00,0.5324191407047772,0,FLAT_REGIME_LOW,0.0,90777.296875,10030.202824363214
2025-11-30 07:00:00+00:00,0.5295023787647671,0,FLAT_REGIME_LOW,0.0,90912.0546875,10030.202824363214
2025-11-30 08:00:00+00:00,0.5150604667996662,0,FLAT_REGIME_LOW,0.0,91025.2734375,10030.202824363214
2025-11-30 09:00:00+00:00,0.523906220524508,0,FLAT_REGIME_LOW,0.0,91294.2890625,10030.202824363214
2025-11-30 10:00:00+00:00,0.5346953284719765,0,FLAT_REGIME_LOW,0.0,91354.1015625,10030.202824363214
2025-11-30 11:00:00+00:00,0.5292246969313436,0,FLAT_REGIME_LOW,0.0,91246.4140625,10030.202824363214
2025-11-30 12:00:00+00:00,0.5278034271314557,0,FLAT_REGIME_LOW,0.0,91226.7421875,10030.202824363214
2025-11-30 13:00:00+00:00,0.4822561104065175,0,FLAT_REGIME_LOW,0.0,91521.9921875,10030.202824363214
2025-11-30 14:00:00+00:00,0.48753449046314246,0,FLAT_REGIME_LOW,0.0,91749.3125,10030.202824363214
2025-11-30 15:00:00+00:00,0.4758987188622751,0,FLAT_REGIME_LOW,0.0,91497.4921875,10030.202824363214
2025-11-30 16:00:00+00:00,0.46072430884208637,0,FLAT_REGIME_LOW,0.0,91452.1328125,10030.202824363214
2025-11-30 17:00:00+00:00,0.4591252971912865,0,FLAT_REGIME_LOW,0.0,91691.6796875,10030.202824363214
2025-11-30 18:00:00+00:00,0.45585546529864795,0,FLAT_REGIME_LOW,0.0,91250.6875,10030.202824363214
2025-11-30 18:00:00+00:00,0.45585546529864795,0,FLAT_REGIME_LOW,0.0,91448.78125,10030.202824363214
2025-11-30 20:00:00+00:00,0.4612911420013792,0,FLAT_REGIME_LOW,0.0,91566.6171875,10030.202824363214
2025-11-30 21:00:00+00:00,0.47890076709813456,0,FLAT_REGIME_LOW,0.0,91287.515625,10030.202824363214
2025-11-30 22:00:00+00:00,0.47936158530438105,0,FLAT_REGIME_LOW,0.0,91259.5078125,10030.202824363214
2025-11-30 23:00:00+00:00,0.5005731074495924,0,FLAT_REGIME_LOW,0.0,91242.9765625,10030.202824363214
2025-12-01 00:00:00+00:00,0.477310377939913,1,EXIT_TO_FLAT,0.0,87376.9296875,10030.202824363214
2025-12-01 02:00:00+00:00,0.41329509979557355,1,EXIT_TO_FLAT,0.0,86749.7421875,10030.202824363214
2025-12-01 04:00:00+00:00,0.503996266460843,1,EXIT_TO_FLAT,0.0,85888.734375,10030.202824363214
2025-12-01 05:00:00+00:00,0.5036612656738648,1,EXIT_TO_FLAT,0.0,85779.75,10030.202824363214
2025-12-01 06:00:00+00:00,0.5121429352564542,1,EXIT_TO_FLAT,0.0,86218.15625,10030.202824363214
2025-12-01 07:00:00+00:00,0.5741725480059842,1,HOLD,0.0,86142.53125,10030.202824363214
2025-12-01 08:00:00+00:00,0.5871604582499595,1,ENTER_OR_HOLD_LONG,0.1743209164999191,86442.9453125,10029.1537398738
2025-12-01 09:00:00+00:00,0.5840404517720762,1,ENTER_OR_HOLD_LONG,0.1680809035441524,86664.984375,10033.606869439933
2025-12-01 10:00:00+00:00,0.57809756728418,1,HOLD,0.1680809035441524,86790.1953125,10036.043412321103
2025-12-01 10:00:00+00:00,0.5743592103126135,1,HOLD,0.1680809035441524,86638.0703125,10033.086688019655
2025-12-01 13:00:00+00:00,0.5588537077653838,1,HOLD,0.1680809035441524,85955.1640625,10019.794231285052
2025-12-01 14:00:00+00:00,0.5442145866465633,1,HOLD,0.1680809035441524,86018.4609375,10021.03441913559
2025-12-01 15:00:00+00:00,0.5702511556532356,1,HOLD,0.1680809035441524,85862.5546875,10017.981587977032
2025-12-01 16:00:00+00:00,0.5707207421900776,1,HOLD,0.1680809035441524,84186.8984375,9985.120667234673
2025-12-01 17:00:00+00:00,0.5383795359473914,1,HOLD,0.1680809035441524,84929.0703125,9999.916236323248
2025-12-01 18:00:00+00:00,0.5147140555412473,1,EXIT_TO_FLAT,0.0,85177.09375,10003.815790249631
2025-12-01 19:00:00+00:00,0.5656877068368783,1,HOLD,0.0,84844.609375,10003.815790249631
2025-12-01 20:00:00+00:00,0.5570540278326159,1,HOLD,0.0,85720.4453125,10003.815790249631
2025-12-01 20:00:00+00:00,0.5570540278326159,1,HOLD,0.0,85469.125,10003.815790249631
2025-12-01 21:00:00+00:00,0.5417750088819702,1,HOLD,0.0,86425.0703125,10003.815790249631
2025-12-01 23:00:00+00:00,0.5517793736386624,1,HOLD,0.0,86730.609375,10003.815790249631
2025-12-02 00:00:00+00:00,0.5325728536022968,1,HOLD,0.0,86401.9296875,10003.815790249631
2025-12-02 02:00:00+00:00,0.48183523394932964,1,EXIT_TO_FLAT,0.0,86803.28125,10003.815790249631
2025-12-02 03:00:00+00:00,0.4767643433547091,1,EXIT_TO_FLAT,0.0,86496.1484375,10003.815790249631
2025-12-02 04:00:00+00:00,0.5036639234982413,1,EXIT_TO_FLAT,0.0,87175.0859375,10003.815790249631
2025-12-02 05:00:00+00:00,0.5355341174041363,1,HOLD,0.0,86871.46875,10003.815790249631
2025-12-02 06:00:00+00:00,0.4985537027905888,1,EXIT_TO_FLAT,0.0,86920.1875,10003.815790249631
2025-12-02 07:00:00+00:00,0.49608322739960425,1,EXIT_TO_FLAT,0.0,86938.53125,10003.815790249631
2025-12-02 08:00:00+00:00,0.4970343762286738,1,EXIT_TO_FLAT,0.0,86725.953125,10003.815790249631
2025-12-02 09:00:00+00:00,0.492649389274746,1,EXIT_TO_FLAT,0.0,86748.3359375,10003.815790249631
2025-12-02 10:00:00+00:00,0.4992514900868568,1,EXIT_TO_FLAT,0.0,86901.5,10003.815790249631
2025-12-02 10:00:00+00:00,0.48678740763546224,1,EXIT_TO_FLAT,0.0,87301.625,10003.815790249631
2025-12-02 12:00:00+00:00,0.5044401846914468,1,EXIT_TO_FLAT,0.0,87461.5390625,10003.815790249631
2025-12-02 13:00:00+00:00,0.4862194838856909,1,EXIT_TO_FLAT,0.0,87392.828125,10003.815790249631
2025-12-02 14:00:00+00:00,0.47235292189035377,1,EXIT_TO_FLAT,0.0,88153.734375,10003.815790249631
2025-12-02 15:00:00+00:00,0.49800091158322457,1,EXIT_TO_FLAT,0.0,90095.7421875,10003.815790249631
2025-12-02 16:00:00+00:00,0.4849926355399768,1,EXIT_TO_FLAT,0.0,91057.828125,10003.815790249631
2025-12-02 17:00:00+00:00,0.4671042126203427,1,EXIT_TO_FLAT,0.0,90965.1484375,10003.815790249631
2025-12-02 18:00:00+00:00,0.43798269460831557,1,EXIT_TO_FLAT,0.0,91766.1484375,10003.815790249631
2025-12-02 19:00:00+00:00,0.4004932159858379,1,EXIT_TO_FLAT,0.0,92074.28125,10003.815790249631
2025-12-02 20:00:00+00:00,0.3932583004350471,1,EXIT_TO_FLAT,0.0,91848.8671875,10003.815790249631
2025-12-02 21:00:00+00:00,0.43771403229267974,1,EXIT_TO_FLAT,0.0,91234.8515625,10003.815790249631
2025-12-02 22:00:00+00:00,0.45610046376862395,1,EXIT_TO_FLAT,0.0,91798.21875,10003.815790249631
2025-12-02 23:00:00+00:00,0.43622967504772964,1,EXIT_TO_FLAT,0.0,92004.703125,10003.815790249631
2025-12-03 00:00:00+00:00,0.4327064362321759,1,EXIT_TO_FLAT,0.0,91243.7265625,10003.815790249631
2025-12-03 02:00:00+00:00,0.462281042674522,1,EXIT_TO_FLAT,0.0,92950.875,10003.815790249631
2025-12-03 03:00:00+00:00,0.4749651204538538,1,EXIT_TO_FLAT,0.0,92756.7734375,10003.815790249631
2025-12-03 04:00:00+00:00,0.4794157641430083,1,EXIT_TO_FLAT,0.0,92927.3671875,10003.815790249631
2025-12-03 05:00:00+00:00,0.47185969350105994,1,EXIT_TO_FLAT,0.0,93537.2734375,10003.815790249631
2025-12-03 06:00:00+00:00,0.4732479761805752,1,EXIT_TO_FLAT,0.0,93727.4140625,10003.815790249631
2025-12-03 07:00:00+00:00,0.4947596342671205,1,EXIT_TO_FLAT,0.0,93321.6328125,10003.815790249631
2025-12-03 08:00:00+00:00,0.4601826580327052,1,EXIT_TO_FLAT,0.0,92989.9375,10003.815790249631
2025-12-03 09:00:00+00:00,0.4595041452610112,1,EXIT_TO_FLAT,0.0,92825.1171875,10003.815790249631
2025-12-03 10:00:00+00:00,0.4558109757572979,1,EXIT_TO_FLAT,0.0,93116.6953125,10003.815790249631
2025-12-03 11:00:00+00:00,0.4954925270391603,1,EXIT_TO_FLAT,0.0,92963.03125,10003.815790249631
2025-12-03 12:00:00+00:00,0.4994640341627997,1,EXIT_TO_FLAT,0.0,92895.421875,10003.815790249631
2025-12-03 13:00:00+00:00,0.49149336082832157,1,EXIT_TO_FLAT,0.0,93085.4453125,10003.815790249631
2025-12-03 14:00:00+00:00,0.5121299060181288,1,EXIT_TO_FLAT,0.0,91937.0234375,10003.815790249631
2025-12-03 15:00:00+00:00,0.5463264889837536,1,HOLD,0.0,92761.3203125,10003.815790249631
2025-12-03 16:00:00+00:00,0.5335333736669463,1,HOLD,0.0,91906.0546875,10003.815790249631
2025-12-03 17:00:00+00:00,0.5257942345547068,1,EXIT_TO_FLAT,0.0,92358.5546875,10003.815790249631
2025-12-03 18:00:00+00:00,0.5175531076611404,1,EXIT_TO_FLAT,0.0,93267.9375,10003.815790249631
2025-12-03 19:00:00+00:00,0.5321840041076205,1,HOLD,0.0,92716.9765625,10003.815790249631
2025-12-03 20:00:00+00:00,0.5223842772101626,1,EXIT_TO_FLAT,0.0,93084.234375,10003.815790249631
2025-12-03 20:00:00+00:00,0.5206257055957074,1,EXIT_TO_FLAT,0.0,92913.59375,10003.815790249631
2025-12-03 22:00:00+00:00,0.4958885308729681,1,EXIT_TO_FLAT,0.0,93588.5,10003.815790249631
2025-12-03 23:00:00+00:00,0.49992130247746897,1,EXIT_TO_FLAT,0.0,93805.984375,10003.815790249631
2025-12-04 00:00:00+00:00,0.4838658895344397,1,EXIT_TO_FLAT,0.0,92961.140625,10003.815790249631
2025-12-04 02:00:00+00:00,0.4815916225495494,1,EXIT_TO_FLAT,0.0,93909.40625,10003.815790249631
2025-12-04 03:00:00+00:00,0.49170736986397995,1,EXIT_TO_FLAT,0.0,93466.984375,10003.815790249631
2025-12-04 04:00:00+00:00,0.5093932312618347,1,EXIT_TO_FLAT,0.0,93448.5,10003.815790249631
2025-12-04 05:00:00+00:00,0.49984078133089227,1,EXIT_TO_FLAT,0.0,93203.3359375,10003.815790249631
2025-12-04 06:00:00+00:00,0.49186312618694045,1,EXIT_TO_FLAT,0.0,93047.375,10003.815790249631
2025-12-04 07:00:00+00:00,0.4971727717317681,1,EXIT_TO_FLAT,0.0,93135.421875,10003.815790249631
2025-12-04 08:00:00+00:00,0.4964605576950783,1,EXIT_TO_FLAT,0.0,93200.2734375,10003.815790249631
2025-12-04 09:00:00+00:00,0.5378231475014476,1,HOLD,0.0,93540.984375,10003.815790249631
2025-12-04 10:00:00+00:00,0.5282665796691927,1,EXIT_TO_FLAT,0.0,93479.875,10003.815790249631
2025-12-04 11:00:00+00:00,0.5212441482837007,1,EXIT_TO_FLAT,0.0,93220.2734375,10003.815790249631
2025-12-04 12:00:00+00:00,0.5286698671409397,1,EXIT_TO_FLAT,0.0,93003.390625,10003.815790249631
2025-12-04 13:00:00+00:00,0.5161699789290429,1,EXIT_TO_FLAT,0.0,92839.90625,10003.815790249631
2025-12-04 14:00:00+00:00,0.5229089151584644,1,EXIT_TO_FLAT,0.0,92642.9453125,10003.815790249631
2025-12-04 15:00:00+00:00,0.5069008305738454,0,FLAT_REGIME_LOW,0.0,92461.7734375,10003.815790249631
2025-12-04 16:00:00+00:00,0.4802236707855336,1,EXIT_TO_FLAT,0.0,92788.6953125,10003.815790249631
2025-12-04 17:00:00+00:00,0.4859677368840312,1,EXIT_TO_FLAT,0.0,92257.4296875,10003.815790249631
2025-12-04 18:00:00+00:00,0.47653882467585096,1,EXIT_TO_FLAT,0.0,92296.5390625,10003.815790249631
2025-12-04 19:00:00+00:00,0.45891463120294046,1,EXIT_TO_FLAT,0.0,92100.2421875,10003.815790249631
2025-12-04 20:00:00+00:00,0.4599558786501189,0,FLAT_REGIME_LOW,0.0,91771.90625,10003.815790249631
2025-12-04 20:00:00+00:00,0.46463691091126674,0,FLAT_REGIME_LOW,0.0,92529.390625,10003.815790249631
2025-12-04 21:00:00+00:00,0.4632724002396428,0,FLAT_REGIME_LOW,0.0,92172.4453125,10003.815790249631
2025-12-04 23:00:00+00:00,0.5058455908278481,0,FLAT_REGIME_LOW,0.0,92411.6640625,10003.815790249631
2025-12-05 00:00:00+00:00,0.5074317284295746,0,FLAT_REGIME_LOW,0.0,92378.9765625,10003.815790249631
2025-12-05 02:00:00+00:00,0.4863371960408795,0,FLAT_REGIME_LOW,0.0,92628.8046875,10003.815790249631
2025-12-05 03:00:00+00:00,0.5083798953711798,0,FLAT_REGIME_LOW,0.0,92376.2265625,10003.815790249631
2025-12-05 04:00:00+00:00,0.5074369062522173,0,FLAT_REGIME_LOW,0.0,92362.828125,10003.815790249631
2025-12-05 05:00:00+00:00,0.5033791989486266,0,FLAT_REGIME_LOW,0.0,92168.0625,10003.815790249631
2025-12-05 06:00:00+00:00,0.49469726543060377,0,FLAT_REGIME_LOW,0.0,92068.25,10003.815790249631
2025-12-05 07:00:00+00:00,0.49502672521284463,0,FLAT_REGIME_LOW,0.0,92387.1328125,10003.815790249631
2025-12-05 08:00:00+00:00,0.4999811211429395,0,FLAT_REGIME_LOW,0.0,92128.7890625,10003.815790249631
2025-12-05 09:00:00+00:00,0.5042074597894503,0,FLAT_REGIME_LOW,0.0,92008.109375,10003.815790249631
2025-12-05 10:00:00+00:00,0.4899451324141167,0,FLAT_REGIME_LOW,0.0,91292.4375,10003.815790249631
2025-12-05 10:00:00+00:00,0.48811640862516703,0,FLAT_REGIME_LOW,0.0,91353.8203125,10003.815790249631
2025-12-05 12:00:00+00:00,0.47343519378437104,0,FLAT_REGIME_LOW,0.0,91286.9921875,10003.815790249631
2025-12-05 13:00:00+00:00,0.5067042951650399,0,FLAT_REGIME_LOW,0.0,91016.2734375,10003.815790249631
2025-12-05 14:00:00+00:00,0.4919419210275449,0,FLAT_REGIME_LOW,0.0,90589.1015625,10003.815790249631
2025-12-05 15:00:00+00:00,0.4775079729642953,1,EXIT_TO_FLAT,0.0,91373.9921875,10003.815790249631
2025-12-05 16:00:00+00:00,0.4925595750224447,0,FLAT_REGIME_LOW,0.0,89501.0546875,10003.815790249631
2025-12-05 17:00:00+00:00,0.5012315334097536,1,EXIT_TO_FLAT,0.0,88769.4921875,10003.815790249631
2025-12-05 18:00:00+00:00,0.4685500486174404,1,EXIT_TO_FLAT,0.0,89732.265625,10003.815790249631
2025-12-05 18:00:00+00:00,0.4665053943127351,1,EXIT_TO_FLAT,0.0,89003.90625,10003.815790249631
2025-12-05 20:00:00+00:00,0.49495855946003176,1,EXIT_TO_FLAT,0.0,89551.65625,10003.815790249631
2025-12-05 21:00:00+00:00,0.4750171408100992,1,EXIT_TO_FLAT,0.0,89371.9296875,10003.815790249631
2025-12-05 21:00:00+00:00,0.47485966667880747,1,EXIT_TO_FLAT,0.0,89184.6640625,10003.815790249631
2025-12-05 23:00:00+00:00,0.4905756864222387,1,EXIT_TO_FLAT,0.0,89035.171875,10003.815790249631
2025-12-06 00:00:00+00:00,0.49356621484360813,1,EXIT_TO_FLAT,0.0,89403.0,10003.815790249631
2025-12-06 02:00:00+00:00,0.5088508576096468,1,EXIT_TO_FLAT,0.0,89299.0078125,10003.815790249631
2025-12-06 03:00:00+00:00,0.5348490537993792,0,FLAT_REGIME_LOW,0.0,89709.4921875,10003.815790249631
2025-12-06 04:00:00+00:00,0.5314286662547264,0,FLAT_REGIME_LOW,0.0,89684.59375,10003.815790249631
2025-12-06 05:00:00+00:00,0.5300025443154559,0,FLAT_REGIME_LOW,0.0,89743.4296875,10003.815790249631
2025-12-06 06:00:00+00:00,0.5174209238079149,0,FLAT_REGIME_LOW,0.0,89639.5,10003.815790249631
2025-12-06 07:00:00+00:00,0.4961414265333749,0,FLAT_REGIME_LOW,0.0,89711.578125,10003.815790249631
2025-12-06 08:00:00+00:00,0.503955538859853,0,FLAT_REGIME_LOW,0.0,89605.0234375,10003.815790249631
2025-12-06 09:00:00+00:00,0.5126696075842894,0,FLAT_REGIME_LOW,0.0,89348.71875,10003.815790249631
2025-12-06 10:00:00+00:00,0.4967307240290785,0,FLAT_REGIME_LOW,0.0,89540.984375,10003.815790249631
2025-12-06 10:00:00+00:00,0.4967307240290785,0,FLAT_REGIME_LOW,0.0,89553.5703125,10003.815790249631
2025-12-06 12:00:00+00:00,0.5109169126665194,0,FLAT_REGIME_LOW,0.0,89620.453125,10003.815790249631
2025-12-06 13:00:00+00:00,0.510694495970619,0,FLAT_REGIME_LOW,0.0,89631.2890625,10003.815790249631
2025-12-06 13:00:00+00:00,0.5040046960609845,0,FLAT_REGIME_LOW,0.0,89691.0546875,10003.815790249631
2025-12-06 15:00:00+00:00,0.5204876353149974,0,FLAT_REGIME_LOW,0.0,89962.8515625,10003.815790249631
2025-12-06 16:00:00+00:00,0.5276325389487972,0,FLAT_REGIME_LOW,0.0,89947.8828125,10003.815790249631
2025-12-06 17:00:00+00:00,0.5137489525531683,0,FLAT_REGIME_LOW,0.0,89721.3515625,10003.815790249631
2025-12-06 18:00:00+00:00,0.5057311630544723,0,FLAT_REGIME_LOW,0.0,89684.34375,10003.815790249631
2025-12-06 18:00:00+00:00,0.492204000592828,0,FLAT_REGIME_LOW,0.0,89657.1171875,10003.815790249631
2025-12-06 20:00:00+00:00,0.4842966041254414,0,FLAT_REGIME_LOW,0.0,89477.25,10003.815790249631
2025-12-06 20:00:00+00:00,0.48429660412543263,0,FLAT_REGIME_LOW,0.0,89570.984375,10003.815790249631
2025-12-06 22:00:00+00:00,0.4981788394071099,0,FLAT_REGIME_LOW,0.0,89431.2734375,10003.815790249631
2025-12-06 22:00:00+00:00,0.5067664162279724,0,FLAT_REGIME_LOW,0.0,89326.234375,10003.815790249631
2025-12-07 00:00:00+00:00,0.505723683122409,0,FLAT_REGIME_LOW,0.0,89481.2265625,10003.815790249631
2025-12-07 02:00:00+00:00,0.4768119261880171,0,FLAT_REGIME_LOW,0.0,89472.4609375,10003.815790249631
2025-12-07 03:00:00+00:00,0.488915335657485,0,FLAT_REGIME_LOW,0.0,89732.71875,10003.815790249631
2025-12-07 04:00:00+00:00,0.4798429961659168,0,FLAT_REGIME_LOW,0.0,89701.8046875,10003.815790249631
2025-12-07 05:00:00+00:00,0.4760428817648826,0,FLAT_REGIME_LOW,0.0,89548.71875,10003.815790249631
2025-12-07 06:00:00+00:00,0.45950241854487683,0,FLAT_REGIME_LOW,0.0,89589.8359375,10003.815790249631
2025-12-07 07:00:00+00:00,0.46354177081541037,0,FLAT_REGIME_LOW,0.0,89631.171875,10003.815790249631
2025-12-07 08:00:00+00:00,0.4500833400489811,0,FLAT_REGIME_LOW,0.0,89299.140625,10003.815790249631
2025-12-07 09:00:00+00:00,0.46111890235951714,0,FLAT_REGIME_LOW,0.0,89372.5703125,10003.815790249631
2025-12-07 10:00:00+00:00,0.46046579485811173,0,FLAT_REGIME_LOW,0.0,89166.3828125,10003.815790249631
2025-12-07 10:00:00+00:00,0.46046579485811173,0,FLAT_REGIME_LOW,0.0,89295.9296875,10003.815790249631
2025-12-07 12:00:00+00:00,0.4666017690726785,0,FLAT_REGIME_LOW,0.0,89281.890625,10003.815790249631
2025-12-07 13:00:00+00:00,0.4701669076748335,0,FLAT_REGIME_LOW,0.0,89350.53125,10003.815790249631
2025-12-07 13:00:00+00:00,0.4694621930961569,0,FLAT_REGIME_LOW,0.0,89087.9453125,10003.815790249631
2025-12-07 15:00:00+00:00,0.41520990600173413,0,FLAT_REGIME_LOW,0.0,88206.3515625,10003.815790249631
2025-12-07 16:00:00+00:00,0.42859585540639517,0,FLAT_REGIME_LOW,0.0,89468.6015625,10003.815790249631
2025-12-07 16:00:00+00:00,0.4241988208098183,0,FLAT_REGIME_LOW,0.0,89675.546875,10003.815790249631
2025-12-07 18:00:00+00:00,0.5045245638956541,0,FLAT_REGIME_LOW,0.0,91347.40625,10003.815790249631
2025-12-07 18:00:00+00:00,0.5181910614333366,0,FLAT_REGIME_LOW,0.0,91344.1484375,10003.815790249631
2025-12-07 20:00:00+00:00,0.4582936315300034,0,FLAT_REGIME_LOW,0.0,91394.015625,10003.815790249631
2025-12-07 20:00:00+00:00,0.4581241137458601,0,FLAT_REGIME_LOW,0.0,91456.53125,10003.815790249631
2025-12-07 22:00:00+00:00,0.4340661066378716,0,FLAT_REGIME_LOW,0.0,89953.7109375,10003.815790249631
2025-12-07 22:00:00+00:00,0.4340661066378716,0,FLAT_REGIME_LOW,0.0,89670.59375,10003.815790249631
2025-12-08 00:00:00+00:00,0.4440380653045289,0,FLAT_REGIME_LOW,0.0,90444.4296875,10003.815790249631
2025-12-08 02:00:00+00:00,0.5091467257769359,0,FLAT_REGIME_LOW,0.0,90968.2421875,10003.815790249631
2025-12-08 03:00:00+00:00,0.48572219589302146,1,EXIT_TO_FLAT,0.0,91035.03125,10003.815790249631
2025-12-08 04:00:00+00:00,0.49298275925620455,0,FLAT_REGIME_LOW,0.0,91131.2578125,10003.815790249631
2025-12-08 05:00:00+00:00,0.4871090587630834,1,EXIT_TO_FLAT,0.0,91132.8046875,10003.815790249631
2025-12-08 06:00:00+00:00,0.48676681085041934,0,FLAT_REGIME_LOW,0.0,91387.765625,10003.815790249631
2025-12-08 07:00:00+00:00,0.5016150106214599,1,EXIT_TO_FLAT,0.0,91407.296875,10003.815790249631
2025-12-08 08:00:00+00:00,0.509115248898951,0,FLAT_REGIME_LOW,0.0,91576.75,10003.815790249631
2025-12-08 09:00:00+00:00,0.5147382124984219,0,FLAT_REGIME_LOW,0.0,92114.8203125,10003.815790249631
2025-12-08 10:00:00+00:00,0.5263301832780609,0,FLAT_REGIME_LOW,0.0,91909.1640625,10003.815790249631
2025-12-08 10:00:00+00:00,0.5122194277520314,0,FLAT_REGIME_LOW,0.0,92147.109375,10003.815790249631
2025-12-08 12:00:00+00:00,0.4956370281205198,0,FLAT_REGIME_LOW,0.0,91820.875,10003.815790249631
2025-12-08 13:00:00+00:00,0.4923529143003008,1,EXIT_TO_FLAT,0.0,91586.640625,10003.815790249631
2025-12-08 14:00:00+00:00,0.48973180495314206,1,EXIT_TO_FLAT,0.0,91562.9765625,10003.815790249631
2025-12-08 15:00:00+00:00,0.49080924982640767,1,EXIT_TO_FLAT,0.0,90771.6640625,10003.815790249631
2025-12-08 16:00:00+00:00,0.4904775611637316,1,EXIT_TO_FLAT,0.0,90068.3359375,10003.815790249631
2025-12-08 17:00:00+00:00,0.5116884670376728,1,EXIT_TO_FLAT,0.0,90093.484375,10003.815790249631
2025-12-08 18:00:00+00:00,0.5065239132063947,1,EXIT_TO_FLAT,0.0,90394.2109375,10003.815790249631
2025-12-08 18:00:00+00:00,0.5042767852788125,1,EXIT_TO_FLAT,0.0,89760.9296875,10003.815790249631
2025-12-08 20:00:00+00:00,0.5087956677875283,1,EXIT_TO_FLAT,0.0,90386.9375,10003.815790249631
2025-12-08 21:00:00+00:00,0.5074643912140121,1,EXIT_TO_FLAT,0.0,90938.6171875,10003.815790249631
2025-12-08 22:00:00+00:00,0.5007582294468403,1,EXIT_TO_FLAT,0.0,91256.390625,10003.815790249631
2025-12-08 23:00:00+00:00,0.4752228513369239,1,EXIT_TO_FLAT,0.0,90970.8984375,10003.815790249631
2025-12-09 00:00:00+00:00,0.47623986004474467,1,EXIT_TO_FLAT,0.0,90522.8203125,10003.815790249631
2025-12-09 02:00:00+00:00,0.4438623418033264,1,EXIT_TO_FLAT,0.0,90214.7265625,10003.815790249631
2025-12-09 03:00:00+00:00,0.4907773794895412,1,EXIT_TO_FLAT,0.0,90396.2734375,10003.815790249631
2025-12-09 04:00:00+00:00,0.5111838433347715,1,EXIT_TO_FLAT,0.0,90474.7421875,10003.815790249631
2025-12-09 05:00:00+00:00,0.524065711907936,1,EXIT_TO_FLAT,0.0,89909.5234375,10003.815790249631
2025-12-09 06:00:00+00:00,0.5177080073722264,1,EXIT_TO_FLAT,0.0,89968.1796875,10003.815790249631
2025-12-09 07:00:00+00:00,0.5003736181426882,1,EXIT_TO_FLAT,0.0,90160.8046875,10003.815790249631
2025-12-09 08:00:00+00:00,0.5054369186060247,1,EXIT_TO_FLAT,0.0,90543.078125,10003.815790249631
2025-12-09 09:00:00+00:00,0.510569115713493,1,EXIT_TO_FLAT,0.0,90420.484375,10003.815790249631
2025-12-09 10:00:00+00:00,0.5148162701183399,1,EXIT_TO_FLAT,0.0,90116.546875,10003.815790249631
2025-12-09 11:00:00+00:00,0.5194591760768484,1,EXIT_TO_FLAT,0.0,90330.8828125,10003.815790249631
2025-12-09 12:00:00+00:00,0.5163688400023994,1,EXIT_TO_FLAT,0.0,90363.2265625,10003.815790249631
2025-12-09 13:00:00+00:00,0.5187077780770915,1,EXIT_TO_FLAT,0.0,90681.5078125,10003.815790249631
2025-12-09 14:00:00+00:00,0.5188884634071935,1,EXIT_TO_FLAT,0.0,90503.2578125,10003.815790249631
2025-12-09 15:00:00+00:00,0.5084209491239184,1,EXIT_TO_FLAT,0.0,91062.0625,10003.815790249631
2025-12-09 16:00:00+00:00,0.5056713965415814,1,EXIT_TO_FLAT,0.0,93084.0390625,10003.815790249631
2025-12-09 17:00:00+00:00,0.5321011168909975,1,HOLD,0.0,94487.96875,10003.815790249631
2025-12-09 18:00:00+00:00,0.49519936767013206,1,EXIT_TO_FLAT,0.0,93688.421875,10003.815790249631
2025-12-09 19:00:00+00:00,0.43020912980418796,1,EXIT_TO_FLAT,0.0,93936.5625,10003.815790249631
2025-12-09 20:00:00+00:00,0.3942476204809197,1,EXIT_TO_FLAT,0.0,93676.03125,10003.815790249631
2025-12-09 20:00:00+00:00,0.3942476204809197,1,EXIT_TO_FLAT,0.0,93102.7734375,10003.815790249631
2025-12-09 22:00:00+00:00,0.48571624049568546,1,EXIT_TO_FLAT,0.0,92748.546875,10003.815790249631
2025-12-09 23:00:00+00:00,0.5213207156015356,1,EXIT_TO_FLAT,0.0,92718.84375,10003.815790249631
2025-12-10 00:00:00+00:00,0.42180698941877526,1,EXIT_TO_FLAT,0.0,92480.5546875,10003.815790249631
2025-12-10 02:00:00+00:00,0.5244031763718496,1,EXIT_TO_FLAT,0.0,92385.6171875,10003.815790249631
2025-12-10 03:00:00+00:00,0.5089214072493404,1,EXIT_TO_FLAT,0.0,92431.078125,10003.815790249631
2025-12-10 04:00:00+00:00,0.5215979476098832,1,EXIT_TO_FLAT,0.0,92636.015625,10003.815790249631
2025-12-10 05:00:00+00:00,0.5300663468066167,1,HOLD,0.0,92587.6796875,10003.815790249631
2025-12-10 06:00:00+00:00,0.5447162176060827,1,HOLD,0.0,92581.90625,10003.815790249631
2025-12-10 07:00:00+00:00,0.5528601473205971,1,HOLD,0.0,92609.2890625,10003.815790249631
2025-12-10 08:00:00+00:00,0.5526466339315244,1,HOLD,0.0,92718.0,10003.815790249631
2025-12-10 09:00:00+00:00,0.549270234139038,1,HOLD,0.0,92636.046875,10003.815790249631
2025-12-10 10:00:00+00:00,0.5289647441220483,1,EXIT_TO_FLAT,0.0,93018.640625,10003.815790249631
2025-12-10 10:00:00+00:00,0.5266836030271833,1,EXIT_TO_FLAT,0.0,92388.03125,10003.815790249631
2025-12-10 12:00:00+00:00,0.522110872076302,1,EXIT_TO_FLAT,0.0,92053.796875,10003.815790249631
2025-12-10 13:00:00+00:00,0.5259636169162977,1,EXIT_TO_FLAT,0.0,92208.6171875,10003.815790249631
2025-12-10 14:00:00+00:00,0.5240911260649179,1,EXIT_TO_FLAT,0.0,92035.296875,10003.815790249631
2025-12-10 15:00:00+00:00,0.5227685415398395,1,EXIT_TO_FLAT,0.0,92014.03125,10003.815790249631
2025-12-10 16:00:00+00:00,0.5335734158459079,1,HOLD,0.0,92156.0625,10003.815790249631
2025-12-10 17:00:00+00:00,0.5296777878898994,1,EXIT_TO_FLAT,0.0,92140.125,10003.815790249631
2025-12-10 18:00:00+00:00,0.526516346809949,1,EXIT_TO_FLAT,0.0,92474.3046875,10003.815790249631
2025-12-10 19:00:00+00:00,0.5285967923657942,1,EXIT_TO_FLAT,0.0,92177.6171875,10003.815790249631
2025-12-10 20:00:00+00:00,0.5169820929345865,1,EXIT_TO_FLAT,0.0,93030.265625,10003.815790249631
2025-12-10 21:00:00+00:00,0.5192546394210696,1,EXIT_TO_FLAT,0.0,92038.0234375,10003.815790249631
2025-12-10 22:00:00+00:00,0.5050041590437021,1,EXIT_TO_FLAT,0.0,92530.203125,10003.815790249631
2025-12-10 23:00:00+00:00,0.4936785332876144,1,EXIT_TO_FLAT,0.0,92530.5703125,10003.815790249631
2025-12-11 00:00:00+00:00,0.5151707996773449,1,EXIT_TO_FLAT,0.0,91268.9453125,10003.815790249631
2025-12-11 02:00:00+00:00,0.46766373680005974,1,EXIT_TO_FLAT,0.0,90226.7421875,10003.815790249631
2025-12-11 03:00:00+00:00,0.4667250209692738,1,EXIT_TO_FLAT,0.0,89900.375,10003.815790249631
2025-12-11 04:00:00+00:00,0.4894479997223476,1,EXIT_TO_FLAT,0.0,90028.6015625,10003.815790249631
2025-12-11 05:00:00+00:00,0.4953591315582758,1,EXIT_TO_FLAT,0.0,90263.3359375,10003.815790249631
2025-12-11 06:00:00+00:00,0.501557176574072,1,EXIT_TO_FLAT,0.0,90287.953125,10003.815790249631
2025-12-11 07:00:00+00:00,0.5099704801841576,1,EXIT_TO_FLAT,0.0,90226.5,10003.815790249631
2025-12-11 08:00:00+00:00,0.49593670227875536,1,EXIT_TO_FLAT,0.0,90049.09375,10003.815790249631
2025-12-11 09:00:00+00:00,0.5148703688866039,1,EXIT_TO_FLAT,0.0,90263.4375,10003.815790249631
2025-12-11 10:00:00+00:00,0.5193273196844825,1,EXIT_TO_FLAT,0.0,90284.4296875,10003.815790249631
2025-12-11 11:00:00+00:00,0.5359380417835952,1,HOLD,0.0,90346.34375,10003.815790249631
2025-12-11 12:00:00+00:00,0.5431860478577941,1,HOLD,0.0,90228.4375,10003.815790249631
2025-12-11 13:00:00+00:00,0.5392583237893364,1,HOLD,0.0,90116.9453125,10003.815790249631
2025-12-11 14:00:00+00:00,0.5314144539564207,1,HOLD,0.0,90075.6484375,10003.815790249631
2025-12-11 15:00:00+00:00,0.5249961909214537,0,FLAT_REGIME_LOW,0.0,90110.5234375,10003.815790249631
2025-12-11 16:00:00+00:00,0.5116462551071007,0,FLAT_REGIME_LOW,0.0,89471.03125,10003.815790249631
2025-12-11 17:00:00+00:00,0.5214977638510113,0,FLAT_REGIME_LOW,0.0,89871.578125,10003.815790249631
2025-12-11 18:00:00+00:00,0.5095083075525072,0,FLAT_REGIME_LOW,0.0,90228.2890625,10003.815790249631
2025-12-11 19:00:00+00:00,0.5002053101238962,0,FLAT_REGIME_LOW,0.0,90726.78125,10003.815790249631
2025-12-11 20:00:00+00:00,0.5063287317067373,0,FLAT_REGIME_LOW,0.0,91221.390625,10003.815790249631
2025-12-11 21:00:00+00:00,0.49427052999689464,0,FLAT_REGIME_LOW,0.0,92018.2421875,10003.815790249631
2025-12-11 22:00:00+00:00,0.5345504086551869,0,FLAT_REGIME_LOW,0.0,92932.4296875,10003.815790249631
2025-12-11 23:00:00+00:00,0.5195090957330208,0,FLAT_REGIME_LOW,0.0,92561.125,10003.815790249631
2025-12-12 00:00:00+00:00,0.5232224958336936,0,FLAT_REGIME_LOW,0.0,92389.46875,10003.815790249631
2025-12-12 02:00:00+00:00,0.4499185591291692,0,FLAT_REGIME_LOW,0.0,92459.921875,10003.815790249631
2025-12-12 03:00:00+00:00,0.4493771877892534,0,FLAT_REGIME_LOW,0.0,92367.3671875,10003.815790249631
2025-12-12 04:00:00+00:00,0.49946530367933983,0,FLAT_REGIME_LOW,0.0,92185.8046875,10003.815790249631
2025-12-12 05:00:00+00:00,0.489771924874688,0,FLAT_REGIME_LOW,0.0,92454.7578125,10003.815790249631
2025-12-12 06:00:00+00:00,0.4930851167216362,0,FLAT_REGIME_LOW,0.0,92642.375,10003.815790249631
2025-12-12 07:00:00+00:00,0.4946560993047402,0,FLAT_REGIME_LOW,0.0,92531.8671875,10003.815790249631
2025-12-12 08:00:00+00:00,0.5092007870420999,0,FLAT_REGIME_LOW,0.0,92447.4609375,10003.815790249631
2025-12-12 09:00:00+00:00,0.5144937486808758,0,FLAT_REGIME_LOW,0.0,92297.1796875,10003.815790249631
2025-12-12 10:00:00+00:00,0.5113137951127964,0,FLAT_REGIME_LOW,0.0,92593.8125,10003.815790249631
2025-12-12 11:00:00+00:00,0.5225816675423199,0,FLAT_REGIME_LOW,0.0,92460.328125,10003.815790249631
2025-12-12 12:00:00+00:00,0.5287897104243114,0,FLAT_REGIME_LOW,0.0,92279.484375,10003.815790249631
2025-12-12 13:00:00+00:00,0.5009542818706885,0,FLAT_REGIME_LOW,0.0,92456.0703125,10003.815790249631
2025-12-12 13:00:00+00:00,0.51471511927502,0,FLAT_REGIME_LOW,0.0,92323.40625,10003.815790249631
2025-12-12 15:00:00+00:00,0.48456550751334393,0,FLAT_REGIME_LOW,0.0,92022.6875,10003.815790249631
2025-12-12 16:00:00+00:00,0.45539149336653156,1,EXIT_TO_FLAT,0.0,89909.6875,10003.815790249631
2025-12-12 17:00:00+00:00,0.43370029310125896,1,EXIT_TO_FLAT,0.0,90142.96875,10003.815790249631
2025-12-12 18:00:00+00:00,0.41211135344415434,1,EXIT_TO_FLAT,0.0,90366.9296875,10003.815790249631
2025-12-12 19:00:00+00:00,0.48195544369218524,1,EXIT_TO_FLAT,0.0,90210.71875,10003.815790249631
2025-12-12 20:00:00+00:00,0.476780189678213,1,EXIT_TO_FLAT,0.0,90161.6640625,10003.815790249631
2025-12-12 21:00:00+00:00,0.491153226649324,1,EXIT_TO_FLAT,0.0,90260.375,10003.815790249631
2025-12-12 22:00:00+00:00,0.528272645778401,1,EXIT_TO_FLAT,0.0,90217.953125,10003.815790249631
2025-12-12 23:00:00+00:00,0.5348722703779857,1,HOLD,0.0,90389.6015625,10003.815790249631
2025-12-13 00:00:00+00:00,0.5352520864658381,1,HOLD,0.0,90338.5,10003.815790249631
2025-12-13 02:00:00+00:00,0.5373748959389432,1,HOLD,0.0,90314.421875,10003.815790249631
2025-12-13 03:00:00+00:00,0.5377284818020146,1,HOLD,0.0,90383.1796875,10003.815790249631
2025-12-13 04:00:00+00:00,0.5358507495855374,1,HOLD,0.0,90321.3828125,10003.815790249631
2025-12-13 05:00:00+00:00,0.5426325392379402,1,HOLD,0.0,90375.3515625,10003.815790249631
2025-12-13 06:00:00+00:00,0.5162883636213741,1,EXIT_TO_FLAT,0.0,90321.7578125,10003.815790249631
2025-12-13 06:00:00+00:00,0.5178492153199977,1,EXIT_TO_FLAT,0.0,90368.75,10003.815790249631
2025-12-13 08:00:00+00:00,0.523439720052779,1,EXIT_TO_FLAT,0.0,90346.65625,10003.815790249631
2025-12-13 09:00:00+00:00,0.5151272782189403,1,EXIT_TO_FLAT,0.0,90482.5078125,10003.815790249631
2025-12-13 10:00:00+00:00,0.521104499188111,1,EXIT_TO_FLAT,0.0,90509.609375,10003.815790249631
2025-12-13 11:00:00+00:00,0.5202834599831652,1,EXIT_TO_FLAT,0.0,90621.734375,10003.815790249631
2025-12-13 12:00:00+00:00,0.5345022356765334,1,HOLD,0.0,90486.5625,10003.815790249631
2025-12-13 13:00:00+00:00,0.5348459704887728,1,HOLD,0.0,90368.53125,10003.815790249631
